[
  {
    "value": "Arquitectura de Aplicaciones",
    "synonyms": [
      "Arquitectura de Aplicaciones"
    ]
  },
  {
    "value": "PI 2",
    "synonyms": [
      "PI 2"
    ]
  },
  {
    "value": "Proyecto Informatico 2",
    "synonyms": [
      "Proyecto Informatico 2"
    ]
  },
  {
    "value": "PI II",
    "synonyms": [
      "PI II"
    ]
  },
  {
    "value": "Matemática",
    "synonyms": [
      "Matemática",
      "matematica"
    ]
  },
  {
    "value": "matematica",
    "synonyms": [
      "matematica"
    ]
  }
]