[
  {
    "id": "462b3786-c763-47fa-9307-e91ec9eb0ccc",
    "data": [
      {
        "text": "Quiero faltar, puedo justificar mi asistencia?",
        "userDefined": false
      }
    ],
    "isTemplate": false,
    "count": 0,
    "updated": 1542049271
  },
  {
    "id": "7aadaad6-b35a-488d-9a1e-9e63125a6b62",
    "data": [
      {
        "text": "Puedo justificar mi asistencia?",
        "userDefined": false
      }
    ],
    "isTemplate": false,
    "count": 0,
    "updated": 1542049271
  },
  {
    "id": "1f5d6afe-93b8-4596-8294-3068577f9870",
    "data": [
      {
        "text": "Quiero saber si puedo falta ",
        "userDefined": false
      },
      {
        "text": "mañana",
        "meta": "@sys.ignore",
        "userDefined": false
      }
    ],
    "isTemplate": false,
    "count": 0,
    "updated": 1542048769
  },
  {
    "id": "dd31f963-dd8b-434c-a548-57f2ef23ada0",
    "data": [
      {
        "text": "¿Cómo puedo justificar ",
        "userDefined": false
      },
      {
        "text": "una",
        "meta": "@sys.ignore",
        "userDefined": false
      },
      {
        "text": " inasistencia",
        "userDefined": false
      }
    ],
    "isTemplate": false,
    "count": 0,
    "updated": 1542495100
  },
  {
    "id": "103a10ee-7b82-4c7a-bea5-30d51b76dd73",
    "data": [
      {
        "text": "Puedo justificar inasistencia?",
        "userDefined": false
      }
    ],
    "isTemplate": false,
    "count": 0,
    "updated": 1541017078
  }
]