[
  {
    "id": "3e6d490a-281b-451f-a0af-42f171d47f90",
    "data": [
      {
        "text": "estoy enferma  como hago?",
        "userDefined": false
      }
    ],
    "isTemplate": false,
    "count": 0,
    "updated": 1542436268
  },
  {
    "id": "97b78ac0-48da-40e6-a2a9-9142bf697bbc",
    "data": [
      {
        "text": "Estoy enferma puedo justificar mi inasistencia?",
        "userDefined": false
      }
    ],
    "isTemplate": false,
    "count": 0,
    "updated": 1542436268
  },
  {
    "id": "b831d729-b292-4212-ae73-2953931db2ad",
    "data": [
      {
        "text": "Estoy enferma. puedo justificar mi asistencia?",
        "userDefined": false
      }
    ],
    "isTemplate": false,
    "count": 0,
    "updated": 1542436268
  },
  {
    "id": "59efe870-9d1e-4998-b3ef-a40c93fb39f7",
    "data": [
      {
        "text": "frase de prueba ...",
        "userDefined": false
      }
    ],
    "isTemplate": false,
    "count": 0,
    "updated": 1542436268
  },
  {
    "id": "9560d5db-a551-4e33-aa5a-5d95cbe738e6",
    "data": [
      {
        "text": "Me siento mal puedo justificar mi asistencia?",
        "userDefined": false
      }
    ],
    "isTemplate": false,
    "count": 0,
    "updated": 1542436268
  },
  {
    "id": "3e49d3fa-1eb1-4dea-9815-59b4d8173d42",
    "data": [
      {
        "text": "    Tengo descanso medico puedo justificar mi asistencia?",
        "userDefined": false
      }
    ],
    "isTemplate": false,
    "count": 0,
    "updated": 1542436268
  },
  {
    "id": "b450445b-6ec0-42ff-98be-ba06457d4621",
    "data": [
      {
        "text": "   Tengo descanso médico y no puedo ir a clases. ¿cómo puedo justificar mi inasistencia?",
        "userDefined": false
      }
    ],
    "isTemplate": false,
    "count": 0,
    "updated": 1542374732
  }
]