[
  {
    "id": "16d87187-c13b-4573-916f-2866e8749839",
    "data": [
      {
        "text": "Como puedo corregir mi asistencia? Ayuda por favor ...",
        "userDefined": false
      }
    ],
    "isTemplate": false,
    "count": 0,
    "updated": 1542141368
  },
  {
    "id": "6a68527d-3b29-4e38-b53b-33ed59e6bac1",
    "data": [
      {
        "text": "  Cómo corrijo mi asistencia?",
        "userDefined": false
      }
    ],
    "isTemplate": false,
    "count": 0,
    "updated": 1542141368
  },
  {
    "id": "34593b6a-0a2f-4e93-8955-aade2db38463",
    "data": [
      {
        "text": "  Me pusieron falta pero asistí. ¿cómo hago?",
        "userDefined": false
      }
    ],
    "isTemplate": false,
    "count": 0,
    "updated": 1542141368
  },
  {
    "id": "8c8a28fc-0a23-429f-bb43-ee612479efda",
    "data": [
      {
        "text": "  No falté. Como corrijo mi asistencia?",
        "userDefined": false
      }
    ],
    "isTemplate": false,
    "count": 0,
    "updated": 1542141368
  },
  {
    "id": "e2c6319f-1230-486e-8f2c-9c1d655f1c93",
    "data": [
      {
        "text": "  vine a clases pero el profesor me puso falta como hago?",
        "userDefined": false
      }
    ],
    "isTemplate": false,
    "count": 0,
    "updated": 1542141368
  }
]