[
  {
    "id": "1b4983f1-491f-4959-a1b4-5920a52cdf21",
    "data": [
      {
        "text": "cuando inicia el tramite virtual de retiro ",
        "userDefined": false
      },
      {
        "text": "de un",
        "meta": "@sys.ignore",
        "userDefined": false
      },
      {
        "text": " curso?",
        "userDefined": false
      }
    ],
    "isTemplate": false,
    "count": 0,
    "updated": 1542494945
  },
  {
    "id": "efe509b2-d8d5-4f69-8ce7-55d06fe0453a",
    "data": [
      {
        "text": "Cuando inicia el proceso de matricula?",
        "userDefined": false
      }
    ],
    "isTemplate": false,
    "count": 0,
    "updated": 1541790936
  },
  {
    "id": "25a48ca1-7738-4df3-b44e-8df711599795",
    "data": [
      {
        "text": "¿Hasta cuándo puedo retírame del módulo?",
        "userDefined": false
      }
    ],
    "isTemplate": false,
    "count": 0,
    "updated": 1541790936
  }
]