[
  {
    "id": "d499b02a-f5ca-48f4-b9e4-069f59e7487f",
    "data": [
      {
        "text": "Cuál es el numero de créditos de PI-II?",
        "userDefined": false
      }
    ],
    "isTemplate": false,
    "count": 0,
    "updated": 1541017961
  },
  {
    "id": "befdcc87-50e5-4950-be19-3d2df98ebf39",
    "data": [
      {
        "text": "Cuantos creditos tiene pi2",
        "userDefined": false
      }
    ],
    "isTemplate": false,
    "count": 0,
    "updated": 1541017961
  },
  {
    "id": "bb114697-9289-4a24-ae17-c2b68290b380",
    "data": [
      {
        "text": "Cuál es el numero de créditos del curso PI-II ?",
        "userDefined": false
      }
    ],
    "isTemplate": false,
    "count": 0,
    "updated": 1541017961
  }
]