[
  {
    "id": "72399a66-7f6a-4b0e-9311-bda0a021ed9a",
    "data": [
      {
        "text": "Cuándo es la sesión virtual del curso de PI-II?",
        "userDefined": false
      }
    ],
    "isTemplate": false,
    "count": 0,
    "updated": 1541018790
  },
  {
    "id": "07a77d1a-1dc0-4d6e-8c77-ccf436095b56",
    "data": [
      {
        "text": "Cuándo es la sesión virtual  del curso de Proyecto Informático-II?",
        "userDefined": false
      }
    ],
    "isTemplate": false,
    "count": 0,
    "updated": 1541018790
  },
  {
    "id": "b9094dc8-7b49-405c-83ab-e573eb414aef",
    "data": [
      {
        "text": "Cuándo es la sesión virtual del curso?",
        "userDefined": false
      }
    ],
    "isTemplate": false,
    "count": 0,
    "updated": 1541018790
  }
]