[
  {
    "id": "66ef0556-9e63-407e-8306-7526159c454d",
    "data": [
      {
        "text": "Quiero saber la fecha de la practica calificada del curso de Proyecto Informático-II",
        "userDefined": false
      }
    ],
    "isTemplate": false,
    "count": 0,
    "updated": 1541018725
  },
  {
    "id": "68681f1f-fbd1-4a35-90c4-e2c5d78f2d86",
    "data": [
      {
        "text": "Cuándo es el examen final?",
        "userDefined": false
      }
    ],
    "isTemplate": false,
    "count": 0,
    "updated": 1541018725
  },
  {
    "id": "f8fc6a13-3011-47bf-a532-aacea76cac00",
    "data": [
      {
        "text": "Cuándo es la practica calificada?",
        "userDefined": false
      }
    ],
    "isTemplate": false,
    "count": 0,
    "updated": 1541018725
  }
]