[
  {
    "id": "a60eff57-6288-438f-91a5-bc8631cd9d6f",
    "data": [
      {
        "text": "Quiero saber la fecha de entrega del foro ",
        "userDefined": false
      },
      {
        "text": "2",
        "alias": "time",
        "meta": "@sys.time",
        "userDefined": false
      },
      {
        "text": " del curso de Proyecto Informático-II",
        "userDefined": false
      }
    ],
    "isTemplate": false,
    "count": 0,
    "updated": 1541018550
  },
  {
    "id": "af4a195c-c8ea-45ff-8bee-1cddb5f20d18",
    "data": [
      {
        "text": "Cuál es la  fecha de entrega del foro ",
        "userDefined": false
      },
      {
        "text": "2",
        "alias": "time",
        "meta": "@sys.time",
        "userDefined": false
      },
      {
        "text": " del curso de Proyecto Informático-II",
        "userDefined": false
      }
    ],
    "isTemplate": false,
    "count": 0,
    "updated": 1541018550
  },
  {
    "id": "adbe393b-9d40-4206-ac4b-fce038704354",
    "data": [
      {
        "text": "Cuál es la fecha de entrega del foro?",
        "userDefined": false
      }
    ],
    "isTemplate": false,
    "count": 0,
    "updated": 1541018550
  },
  {
    "id": "803923ce-fc2c-4c10-bdbb-2b9cbc6951cf",
    "data": [
      {
        "text": "Cuál es la  fecha de entrega del foro ",
        "userDefined": false
      },
      {
        "text": "2",
        "alias": "time",
        "meta": "@sys.time",
        "userDefined": false
      },
      {
        "text": " del curso de PI-II?",
        "userDefined": false
      }
    ],
    "isTemplate": false,
    "count": 0,
    "updated": 1541018550
  }
]