[
  {
    "id": "2b40d5a0-9060-4cfa-b69b-c08af0b2e9ca",
    "data": [
      {
        "text": "Cuál es la  fecha de entrega del cuestionario ",
        "userDefined": false
      },
      {
        "text": "2",
        "alias": "time",
        "meta": "@sys.time",
        "userDefined": false
      },
      {
        "text": " del curso de Proyecto Informático-II",
        "userDefined": false
      }
    ],
    "isTemplate": false,
    "count": 0,
    "updated": 1541018288
  },
  {
    "id": "0b624885-7833-4486-94bc-acb74e694ce5",
    "data": [
      {
        "text": "Quiero saber la fecha de entrega del cuestionario ",
        "userDefined": false
      },
      {
        "text": "2",
        "alias": "time",
        "meta": "@sys.time",
        "userDefined": false
      },
      {
        "text": " del curso de Proyecto Informático-II",
        "userDefined": false
      }
    ],
    "isTemplate": false,
    "count": 0,
    "updated": 1541018288
  },
  {
    "id": "dcc82352-d343-44b6-bd5e-d400ff41babc",
    "data": [
      {
        "text": "Cuál es la  fecha de entrega del cuestionario ",
        "userDefined": false
      },
      {
        "text": "2",
        "alias": "time",
        "meta": "@sys.time",
        "userDefined": false
      },
      {
        "text": " del curso de PI-II?",
        "userDefined": false
      }
    ],
    "isTemplate": false,
    "count": 0,
    "updated": 1541018288
  },
  {
    "id": "517d204a-8fe7-43c2-9fd7-24ddcc95ee65",
    "data": [
      {
        "text": "Cuál es la  fecha de entrega del cuestionario?",
        "userDefined": false
      }
    ],
    "isTemplate": false,
    "count": 0,
    "updated": 1542050912
  }
]