[
  {
    "id": "71f8f134-6ba1-4f63-87ba-48d83bce730d",
    "data": [
      {
        "text": "cuando se entrega el trabajo de proyecto informático?",
        "userDefined": false
      }
    ],
    "isTemplate": false,
    "count": 0,
    "updated": 0
  },
  {
    "id": "79a17d14-3872-49b1-b85c-f645340cc474",
    "data": [
      {
        "text": "Quiero saber la fecha de entrega de la ",
        "userDefined": false
      },
      {
        "text": "tarea 2",
        "alias": "Tarea",
        "meta": "@Tarea",
        "userDefined": true
      },
      {
        "text": " del curso de ",
        "userDefined": false
      },
      {
        "text": "Arquitectura de Aplicaciones",
        "alias": "Curso",
        "meta": "@Curso",
        "userDefined": true
      }
    ],
    "isTemplate": false,
    "count": 0,
    "updated": 1541322890
  }
]