[
  {
    "id": "801c1b0d-b6b6-4c11-828b-f78352cb63df",
    "data": [
      {
        "text": "tengo ",
        "userDefined": false
      },
      {
        "text": "el 4to",
        "meta": "@sys.ignore",
        "userDefined": false
      },
      {
        "text": " nivel de ingles puedo llevar ",
        "userDefined": false
      },
      {
        "text": "un",
        "meta": "@sys.ignore",
        "userDefined": false
      },
      {
        "text": " curso de one campus?",
        "userDefined": false
      }
    ],
    "isTemplate": false,
    "count": 0,
    "updated": 1542495016
  },
  {
    "id": "f7e51e99-4a5c-461c-b03e-be9ffaab0428",
    "data": [
      {
        "text": "Quiero matricularme ",
        "userDefined": false
      },
      {
        "text": "en un",
        "meta": "@sys.ignore",
        "userDefined": false
      },
      {
        "text": " curso One Campus. ¿Cómo  hago?",
        "userDefined": false
      }
    ],
    "isTemplate": false,
    "count": 2,
    "updated": 1542495016
  },
  {
    "id": "f0dbcee2-f627-4224-82e2-8dcc7fefd554",
    "data": [
      {
        "text": "Quiero matricularme ",
        "userDefined": false
      },
      {
        "text": "en un",
        "meta": "@sys.ignore",
        "userDefined": false
      },
      {
        "text": " curso One Campus ¿Cuáles son los requisitos obligatorios?",
        "userDefined": false
      }
    ],
    "isTemplate": false,
    "count": 0,
    "updated": 1542495016
  },
  {
    "id": "4e05af03-29da-4264-95f7-30035ca0b5c2",
    "data": [
      {
        "text": "Me gustaría llevar cursos de ONE CAMPUS, pero no se como",
        "userDefined": false
      }
    ],
    "isTemplate": false,
    "count": 0,
    "updated": 1541019079
  }
]