[
  {
    "id": "265613e9-32dc-45b3-94bf-3e071f154a98",
    "data": [
      {
        "text": "Existe ",
        "userDefined": false
      },
      {
        "text": "un",
        "alias": "time",
        "meta": "@sys.time",
        "userDefined": false
      },
      {
        "text": " permiso para matricula?",
        "userDefined": false
      }
    ],
    "isTemplate": false,
    "count": 0,
    "updated": 1541018991
  },
  {
    "id": "1295f20d-04ac-405b-800c-b5332d8b8416",
    "data": [
      {
        "text": "Quiero solicitar ",
        "userDefined": false
      },
      {
        "text": "un",
        "alias": "time",
        "meta": "@sys.time",
        "userDefined": false
      },
      {
        "text": " permiso de matrícula, ¿cómo lo hago?",
        "userDefined": false
      }
    ],
    "isTemplate": false,
    "count": 0,
    "updated": 1541018991
  }
]