[
  {
    "id": "d4110c6f-2aba-4caf-816e-84d6c02de9b1",
    "data": [
      {
        "text": "¿Por qué los alumnos de EPE no pueden llevar los cursos de One Campus?",
        "userDefined": false
      }
    ],
    "isTemplate": false,
    "count": 0,
    "updated": 1541019145
  },
  {
    "id": "12ff1a8f-6a67-45d3-ae6a-ea48e79e7ec6",
    "data": [
      {
        "text": "Los alumnos de EPE pueden llevar los cursos de ONE CAMPUS?",
        "userDefined": false
      }
    ],
    "isTemplate": false,
    "count": 0,
    "updated": 1541019145
  }
]