[
  {
    "id": "dd427454-9b33-4fc5-90a3-94d331cd3e9a",
    "data": [
      {
        "text": "Se paga más por matricularse en los cursos de one campus?",
        "userDefined": false
      }
    ],
    "isTemplate": false,
    "count": 0,
    "updated": 0
  },
  {
    "id": "2eeb78f3-325d-46db-82d2-1a92bae96593",
    "data": [
      {
        "text": "¿Debo pagar algo adicional por matricularme ",
        "userDefined": false
      },
      {
        "text": "en un",
        "alias": "time",
        "meta": "@sys.time",
        "userDefined": false
      },
      {
        "text": " curso One Campus?",
        "userDefined": false
      }
    ],
    "isTemplate": false,
    "count": 0,
    "updated": 1541018881
  }
]