[
  {
    "id": "ce6e9035-74f7-4ee8-8563-620b82675aeb",
    "data": [
      {
        "text": "Como reservo la matricula?",
        "userDefined": false
      }
    ],
    "isTemplate": false,
    "count": 0,
    "updated": 0
  },
  {
    "id": "1f444a09-7c79-4509-8188-95701ca89c2c",
    "data": [
      {
        "text": "¿cómo puedo ",
        "userDefined": false
      },
      {
        "text": "reserva",
        "alias": "geo-city",
        "meta": "@sys.geo-city",
        "userDefined": false
      },
      {
        "text": " mi matricula?",
        "userDefined": false
      }
    ],
    "isTemplate": false,
    "count": 0,
    "updated": 1541018926
  },
  {
    "id": "1df8b3a2-0d09-4b42-8b6b-f89951d0e131",
    "data": [
      {
        "text": "¿cómo puedo habilitar mi ",
        "userDefined": false
      },
      {
        "text": "reserva",
        "alias": "geo-city",
        "meta": "@sys.geo-city",
        "userDefined": false
      },
      {
        "text": " de matricula?",
        "userDefined": false
      }
    ],
    "isTemplate": false,
    "count": 0,
    "updated": 1541018926
  }
]