[
  {
    "id": "1a50051d-3d25-4eeb-9e8e-d76aed524943",
    "data": [
      {
        "text": "Si jalo afecta mi promedio?",
        "userDefined": false
      }
    ],
    "isTemplate": false,
    "count": 0,
    "updated": 0
  },
  {
    "id": "eb94a64f-f601-4f55-b9f9-f331364d49bc",
    "data": [
      {
        "text": " desapruebo ",
        "userDefined": false
      },
      {
        "text": "un",
        "meta": "@sys.ignore",
        "userDefined": false
      },
      {
        "text": " curso, ¿mi promedio se ve afectado?",
        "userDefined": false
      }
    ],
    "isTemplate": false,
    "count": 0,
    "updated": 1541783235
  }
]