[
  {
    "id": "3fab2253-7474-4ed2-ac75-0d0e6bbba4dd",
    "data": [
      {
        "text": "Si desapruebo ",
        "userDefined": false
      },
      {
        "text": "un",
        "alias": "time",
        "meta": "@sys.time",
        "userDefined": false
      },
      {
        "text": " curso de One Campus, ¿mi ",
        "userDefined": false
      },
      {
        "text": "ponderado",
        "alias": "geo-city",
        "meta": "@sys.geo-city",
        "userDefined": false
      },
      {
        "text": " se ve afectado?",
        "userDefined": false
      }
    ],
    "isTemplate": false,
    "count": 0,
    "updated": 1541783187
  }
]