[
  {
    "id": "19b2d171-f0c1-4dd9-8519-e35a36e1f933",
    "data": [
      {
        "text": "si me retiro ",
        "userDefined": false
      },
      {
        "text": "de un",
        "meta": "@sys.ignore",
        "userDefined": false
      },
      {
        "text": " curso afecta mi promedio?",
        "userDefined": false
      }
    ],
    "isTemplate": false,
    "count": 0,
    "updated": 1542495253
  },
  {
    "id": "e29c4af4-4c93-401f-b257-ed68c64f4447",
    "data": [
      {
        "text": "Para calcular el promedio se consideran los cursos retirados??",
        "userDefined": false
      }
    ],
    "isTemplate": false,
    "count": 0,
    "updated": 0
  },
  {
    "id": "df341bb4-692b-4643-b06f-be3348103e6d",
    "data": [
      {
        "text": "¿En el cálculo del promedio se excluye las asignaturas retiradas?",
        "userDefined": false
      }
    ],
    "isTemplate": false,
    "count": 0,
    "updated": 1541783316
  }
]