[
  {
    "id": "65b90f4c-10c6-48fd-a80f-5123c2c291db",
    "data": [
      {
        "text": "Hasta que ",
        "userDefined": false
      },
      {
        "text": "semana",
        "meta": "@sys.ignore",
        "userDefined": false
      },
      {
        "text": " puedo retirarme ",
        "userDefined": false
      },
      {
        "text": "de un",
        "meta": "@sys.ignore",
        "userDefined": false
      },
      {
        "text": " curso?",
        "userDefined": false
      }
    ],
    "isTemplate": false,
    "count": 1,
    "updated": 1542495133
  },
  {
    "id": "74124e45-e4bb-4f97-bf8e-903229c85726",
    "data": [
      {
        "text": "¿Qué pasa si me retiro ",
        "userDefined": false
      },
      {
        "text": "tres",
        "meta": "@sys.ignore",
        "userDefined": false
      },
      {
        "text": " veces ",
        "userDefined": false
      },
      {
        "text": "de un",
        "meta": "@sys.ignore",
        "userDefined": false
      },
      {
        "text": " curso?",
        "userDefined": false
      }
    ],
    "isTemplate": false,
    "count": 0,
    "updated": 1542495133
  }
]