[
  {
    "id": "c81c3b7f-fb5f-41c4-a5fb-33993a4095ae",
    "data": [
      {
        "text": "buenas tardes",
        "userDefined": false
      }
    ],
    "isTemplate": false,
    "count": 0,
    "updated": 1542068503
  },
  {
    "id": "0b7f415c-7b96-41cf-949f-eab084fb79f8",
    "data": [
      {
        "text": "Buenos dias",
        "userDefined": false
      }
    ],
    "isTemplate": false,
    "count": 0,
    "updated": 1542068503
  },
  {
    "id": "fe923f29-2f37-4a84-9703-5c5d1c42c350",
    "data": [
      {
        "text": "Good morning",
        "userDefined": false
      }
    ],
    "isTemplate": false,
    "count": 0,
    "updated": 1542068503
  },
  {
    "id": "de08417d-e26c-4be7-8552-8d421a78f9b9",
    "data": [
      {
        "text": "Hello",
        "userDefined": false
      }
    ],
    "isTemplate": false,
    "count": 0,
    "updated": 1542068503
  },
  {
    "id": "458cd8f6-b4ef-47ea-9acd-60c18eecce24",
    "data": [
      {
        "text": "Hi",
        "userDefined": false
      }
    ],
    "isTemplate": false,
    "count": 0,
    "updated": 1542068503
  },
  {
    "id": "5768c615-e1a6-4770-ac52-2fa7411aee78",
    "data": [
      {
        "text": "Hola",
        "userDefined": false
      }
    ],
    "isTemplate": false,
    "count": 0,
    "updated": 1542068413
  }
]